col,score,missing_rate
age_month,0.07698837298851384,0.0
lab_5211_min,0.014177516118177868,0.3456762584578779
lab_5227_max,0.012709943390960442,0.34954271693062683
lab_5249_min,0.012439727510242277,0.34589932336976725
lab_5235_max,0.010811205210106936,0.3451557736634694
lab_5227_min,0.008779355151598249,0.34954271693062683
lab_5237_min,0.008282535481167747,0.3453788385753588
lab_5248_min,0.007060400521042965,0.3455275485166183
chart_1016_min,0.006939454821644482,0.3994349022232136
lab_5223_max,0.00667827324455154,0.3657521005279203
chart_1001_min,0.006429171836645577,0.3273849356829504
lab_5226_max,0.006283906104744967,0.3450814186928396
lab_5211_max,0.006113164774897121,0.3456762584578779
chart_1001_max,0.006088630321007246,0.3273849356829504
chart_1004_min,0.006066185939198921,0.3272362257416908
lab_5249_max,0.005871147000978028,0.34589932336976725
chart_1004_max,0.005618441464821245,0.3272362257416908
lab_5233_max,0.005548775524404177,0.8426648821473716
chart_1016_max,0.005463220033998361,0.3994349022232136
lab_5224_min,0.005411087816889536,0.345304483604729
chart_1015_min,0.005296898340979618,0.3994349022232136
lab_5218_min,0.005160247464702292,0.3450814186928396
lab_5236_max,0.005127698219678688,0.8424418172354822
lab_5252_min,0.005065850476743236,0.3454531935459885
lab_5174_min,0.00502638917720955,0.3830768086846606
lab_5215_max,0.004970214085979871,0.3452301286340992
lab_5186_max,0.004825531951784983,0.3830768086846606
lab_5127_max,0.004813126747568607,0.16781916871142835
lab_5129_max,0.004810624452821707,0.1481894564651647
lab_5213_max,0.004807901166958659,0.8274964681388951
lab_5239_min,0.004796141842325465,0.3451557736634694
lab_5186_min,0.004768097883299719,0.3830768086846606
lab_5218_max,0.004699878168086378,0.3450814186928396
lab_5174_max,0.004686611784785975,0.3830768086846606
chart_1015_max,0.004679782048130307,0.3994349022232136
lab_5237_max,0.004675066437513051,0.3453788385753588
lab_5141_max,0.004664140210061616,0.1481894564651647
chart_1006_min,0.0046358700784589705,0.4478399881032047
lab_5235_min,0.004633353782211925,0.3451557736634694
lab_6317_min,0.004569665524479594,0.17302401665551342
lab_5248_max,0.0044423803430324186,0.3455275485166183
lab_5129_min,0.004420483543700916,0.1481894564651647
lab_5223_min,0.00440868064312331,0.3657521005279203
lab_5141_min,0.004399795558289357,0.1481894564651647
lab_5239_max,0.004365685843343622,0.3451557736634694
lab_5230_max,0.004297253552837806,0.3450814186928396
lab_5213_min,0.004267930312975477,0.8274964681388951
chart_1006_max,0.004246704843344788,0.4478399881032047
lab_5110_min,0.004234980252359859,0.18172354821919845
lab_5161_min,0.004171093514511311,0.3855305227154435
lab_5215_min,0.004105853134313071,0.3452301286340992
lab_5110_max,0.004056997066350909,0.18172354821919845
lab_5127_min,0.004042826072857298,0.16781916871142835
lab_6316_max,0.004034490012681799,0.18164919324856868
lab_5224_max,0.00401244121161285,0.345304483604729
lab_5111_min,0.003950652521668487,0.15235333482043276
lab_5114_min,0.0039100771283853,0.14841252137705405
lab_5136_min,0.003909836421499794,0.14937913599524127
lab_5219_min,0.003907118419742497,0.345304483604729
lab_5111_max,0.0039002788124988886,0.15235333482043276
lab_5095_min,0.0038842688101435726,0.15116365529035616
lab_5257_min,0.003849694599232352,0.34582496839913746
lab_5132_max,0.003822377153034523,0.1481151014945349
lab_5099_max,0.0038167408024446558,0.1481894564651647
lab_5161_max,0.0038108822164062716,0.3855305227154435
lab_5083_min,0.003793466302859956,0.2885716410142018
lab_6316_min,0.003770355618565673,0.18164919324856868
chart_1002_max,0.00376579614063773,0.48494311844746824
lab_5226_min,0.0037300798299200076,0.3450814186928396
lab_5230_min,0.0037003041506544912,0.3450814186928396
lab_5057_min,0.003697403797923144,0.28819986616105286
lab_5099_min,0.0036631396176136947,0.1481894564651647
lab_5095_max,0.0036588638930198014,0.15116365529035616
lab_6317_max,0.0036455503991065855,0.17302401665551342
lab_5132_min,0.003644703829669269,0.1481151014945349
lab_5113_max,0.0036445074406484556,0.14841252137705405
lab_5114_max,0.003637547970988268,0.14841252137705405
lab_5083_max,0.0036341915004034645,0.2885716410142018
lab_5057_max,0.0035948791696026523,0.28819986616105286
lab_5097_max,0.0035940120273580205,0.14796639155327534
lab_5026_max,0.0035858890084719047,0.2547401293776489
lab_5094_min,0.003583284049150407,0.18209532307234738
lab_5097_min,0.0035571248351697433,0.14796639155327534
lab_5128_max,0.0035503125325956836,0.1692319131533943
weight_kg,0.003537193998647212,0.5893374972116886
lab_5257_max,0.0035336842117289595,0.34582496839913746
lab_5115_min,0.0035245589481189303,0.14841252137705405
lab_5022_min,0.0035050834835718718,0.2971224626366273
lab_5212_max,0.0034957221420657846,0.5089597739608893
lab_5115_max,0.003488699768040092,0.14841252137705405
lab_5039_max,0.0034717252844857632,0.2898356755149082
lab_5113_min,0.0034619794820010255,0.14841252137705405
lab_5136_max,0.0034257943075484748,0.14937913599524127
lab_5225_min,0.0034147541710949194,0.3454531935459885
lab_5094_max,0.0033956793126531173,0.18209532307234738
lab_5128_min,0.00336149017872587,0.1692319131533943
lab_5120_max,0.0033412012446853794,0.1859617815450963
lab_6236_max,0.0033314867226807475,0.28946390066175925
lab_5225_max,0.0033136230823979963,0.3454531935459885
lab_5246_max,0.003268525912895715,0.8427392371180014
lab_5024_max,0.0032548614663396257,0.2885716410142018
chart_1003_min,0.0032546239067853906,0.5975165439809651
lab_5238_min,0.0032493609213487713,0.8420700423823333
lab_5228_max,0.003183749304972393,0.3453788385753588
lab_5034_min,0.003181698712562477,0.28931519072049966
lab_6857_max,0.0031795935427027266,0.4084318536694178
lab_6236_min,0.0031637573113634824,0.28946390066175925
lab_5033_max,0.0031597830355703073,0.2645549855007807
lab_5252_max,0.0031418134437521143,0.3454531935459885
lab_5120_min,0.003141378013169209,0.1859617815450963
lab_5024_min,0.003139860779880188,0.2885716410142018
lab_5626_min,0.003135772222834568,0.5410067663023274
lab_5212_min,0.00311971753087781,0.5089597739608893
lab_5033_min,0.0031183577159259825,0.2645549855007807
lab_5031_max,0.00311178990700734,0.2890177708379805
lab_5074_min,0.0030957579747202405,0.30121198602126553
lab_5219_max,0.0030947612760622223,0.345304483604729
lab_5026_min,0.003075048802527694,0.2547401293776489
lab_5034_max,0.003065296700121699,0.28931519072049966
chart_1003_max,0.0030561296804952408,0.5975165439809651
lab_5039_min,0.0030555422471156926,0.2898356755149082
lab_5022_max,0.0030521269594279534,0.2971224626366273
lab_5077_min,0.003049521880308284,0.289910030485538
lab_5037_max,0.002985109841106371,0.2899843854561677
lab_5021_max,0.0029820184282318965,0.2887203509554614
lab_5175_min,0.002973206078481324,0.3769053461223883
lab_5025_max,0.0029618651853500853,0.2901330953974273
lab_5031_min,0.002961860614992426,0.2890177708379805
lab_5025_min,0.002946312046901269,0.2901330953974273
lab_6261_min,0.0029350002101574423,0.28886906089672093
lab_5002_max,0.002924659336538391,0.15376607926239869
lab_5078_min,0.0029151094358082718,0.2879768012491635
chart_1002_min,0.002902533364183426,0.48494311844746824
lab_5038_max,0.0028789098291788274,0.2900587404267975
lab_5002_min,0.0028732890145781705,0.15376607926239869
lab_5045_min,0.0028563374153010765,0.29050487025057625
lab_5041_max,0.002846103411757975,0.2641832106476318
lab_5243_max,0.0028435306292367824,0.8426648821473716
lab_5077_max,0.0028351373572230035,0.289910030485538
lab_5175_max,0.00283083000236901,0.3769053461223883
lab_5228_min,0.0028264332470416464,0.3453788385753588
lab_5074_max,0.0028141102386989476,0.30121198602126553
lab_5208_max,0.0028098314547176755,0.8426648821473716
lab_5072_max,0.00280873152369521,0.28931519072049966
lab_5072_min,0.0028024240696510314,0.28931519072049966
lab_5242_min,0.0028018943417176543,0.8425905271767418
lab_5492_max,0.002797161391514954,0.15079188043720723
lab_5045_max,0.0027959263020989754,0.29050487025057625
lab_5626_max,0.002789707648391105,0.5410067663023274
lab_5037_min,0.00278584242297108,0.2899843854561677
lab_5306_min,0.002748457775337803,0.28886906089672093
lab_5042_max,0.0027401353161676076,0.2937021339876571
lab_5055_max,0.002725696691395936,0.3002453714030783
lab_6261_max,0.0027175334951694352,0.28886906089672093
lab_5021_min,0.002713936551606879,0.2887203509554614
lab_5243_min,0.0026809240046328704,0.8426648821473716
lab_5075_min,0.002660068861890688,0.30247602052197187
lab_5178_min,0.002638677854339792,0.3769053461223883
lab_5041_min,0.0026130002540285875,0.2641832106476318
lab_6318_max,0.002608633334085009,0.18157483827793888
lab_5055_min,0.0026030612677732344,0.3002453714030783
lab_5178_max,0.002580151087137281,0.3769053461223883
lab_6334_min,0.002568506849443485,0.9069075767715071
lab_5492_min,0.002553551048540393,0.15079188043720723
lab_5231_max,0.002542546395422841,0.842516172206112
lab_5306_max,0.0025399024411561387,0.28886906089672093
lab_5046_min,0.0025394476946253193,0.2896126106030188
lab_5038_min,0.002536619970428409,0.2900587404267975
lab_6796_min,0.0025342688385184883,0.3650829057922522
lab_5046_max,0.0025306739128609502,0.2896126106030188
lab_5238_max,0.00252486687023953,0.8420700423823333
lab_6318_min,0.0025002980868461836,0.18157483827793888
lab_5027_min,0.0024865148160929658,0.29489181351773364
lab_5233_min,0.002474284350156818,0.8426648821473716
lab_5027_max,0.002474276917032316,0.29489181351773364
lab_6525_max,0.002470221629934128,0.9308498773142985
gender_is_male,0.0024643272781469747,0.0
lab_5244_max,0.002463911021054239,0.8424418172354822
lab_5231_min,0.0024581271931694037,0.842516172206112
lab_5075_max,0.0024378655551824855,0.30247602052197187
lab_5078_max,0.002433549984519571,0.2879768012491635
lab_5229_max,0.002412417067669216,0.8479440850620864
lab_5042_min,0.002408306193818472,0.2937021339876571
lab_6857_min,0.002408207526605941,0.4084318536694178
lab_5229_min,0.0024019667558759046,0.8479440850620864
lab_5208_min,0.002401779847260415,0.8426648821473716
lab_5244_min,0.0023831107299186966,0.8424418172354822
lab_5236_min,0.0023206153831338296,0.8424418172354822
lab_6525_min,0.00226974369111985,0.9308498773142985
lab_5493_min,0.0022431467854651323,0.18157483827793888
lab_6796_max,0.00220787664191415,0.3650829057922522
lab_5493_max,0.0021982812046200087,0.18157483827793888
lab_5059_min,0.0021769562698009163,0.37720276600490743
lab_5059_max,0.0021420433827447124,0.37720276600490743
lab_5250_max,0.002115709133432227,0.8925570674399583
lab_6334_max,0.0021150274116135317,0.9069075767715071
lab_6524_max,0.002092346426995982,0.8727042902818053
lab_5242_max,0.0020814909249330803,0.8425905271767418
lab_6524_min,0.0020709054474035886,0.8727042902818053
lab_5163_max,0.0019990352538016274,0.652241802364488
lab_6473_min,0.0019571248186648063,0.28455647260019334
lab_5210_max,0.0019484924444614752,0.8859394750539074
lab_5163_min,0.0019243413665917003,0.652241802364488
lab_5255_max,0.0019203409092935445,0.7238456390809725
chart_1014_min,0.0019023401474052514,0.7722507249609636
lab_5384_max,0.0018887728660865757,0.6143207673432969
lab_5220_max,0.0018618360690814718,0.9142687188638561
lab_6471_min,0.001759444501345888,0.2849282474533423
lab_5250_min,0.0017425737274414806,0.8925570674399583
lab_6473_max,0.0017089502757099868,0.28455647260019334
lab_5601_max,0.0016916181800711275,0.9179121124247156
lab_5384_min,0.001686397289002382,0.6143207673432969
lab_5246_min,0.0016841957766202404,0.8427392371180014
lab_5601_min,0.0016678424840550544,0.9179121124247156
lab_5255_min,0.0016631783770493414,0.7238456390809725
lab_6276_min,0.0016306772286471718,0.9145661387463752
lab_6471_max,0.0016190763303508642,0.2849282474533423
lab_5192_min,0.0016061143510933244,0.6500855082162242
lab_5603_max,0.0015964154057673055,0.9165737229533795
lab_5210_min,0.0015902347906394062,0.8859394750539074
lab_5381_min,0.001580328190411183,0.6128336679307012
lab_5220_min,0.0015782558049952677,0.9142687188638561
lab_5600_max,0.0015656995456393822,0.9187300171016433
lab_5121_max,0.001557702702365447,0.7816194512603167
lab_6276_max,0.0015559423039162065,0.9145661387463752
lab_5121_min,0.0015471503294344374,0.7816194512603167
lab_5381_max,0.0015414632754961583,0.6128336679307012
chart_1014_max,0.0015206184009097102,0.7722507249609636
lab_5600_min,0.0015186652825178184,0.9187300171016433
lab_6515_max,0.0015112428317538313,0.6137259275782586
chart_1009_min,0.0014799673043413748,0.9352368205814559
lab_5603_min,0.0014775544201449937,0.9165737229533795
chart_1009_max,0.0014688498074868302,0.9352368205814559
lab_6515_min,0.0014474037698046138,0.6137259275782586
lab_5620_max,0.0014144833186017463,0.9166480779240093
lab_5192_max,0.0013823615520765545,0.6500855082162242
chart_1031_min,0.0013732064226932934,0.9115919399211837
lab_5179_min,0.0013591867283018065,0.6442114655364711
chart_1008_min,0.0013576394326038767,0.9301806825786304
lab_5256_min,0.0013279697460202341,0.9296601977842218
chart_1008_max,0.0013253821656913595,0.9301806825786304
chart_1010_max,0.0013165478873545734,0.9524128187969366
lab_5256_max,0.0013131713279766449,0.9296601977842218
lab_5164_max,0.0013093198824021732,0.6478548590973306
chart_1011_min,0.0012653796995123208,0.9524871737675663
lab_5179_max,0.00125410749311303,0.6442114655364711
lab_5164_min,0.0012530486269589614,0.6478548590973306
chart_1031_max,0.0012508581228399755,0.9115919399211837
chart_1010_min,0.0012069242598140794,0.9524128187969366
lab_5604_min,0.001184760537882564,0.9195479217785709
lab_6085_min,0.0011738372171212746,0.828537437727712
lab_5604_max,0.0011345161385601318,0.9195479217785709
lab_5620_min,0.0011243214702369143,0.9166480779240093
lab_6516_min,0.0011217992561543548,0.6120157632537735
lab_5602_min,0.0010917213101102549,0.9168711428358985
lab_6085_max,0.0010873435161720328,0.828537437727712
lab_5401_min,0.0010835835479414868,0.6113465685181054
lab_5373_max,0.0010487025482308525,0.7232507993159343
lab_5821_min,0.0010318090403023217,0.92334002528069
lab_6516_max,0.0010192842445643174,0.6120157632537735
chart_1011_max,0.0010178088296711682,0.9524871737675663
chart_1007_max,0.0009894717463540263,0.7938136664436017
lab_5602_max,0.0009786908919272785,0.9168711428358985
lab_5401_max,0.0009650792482221767,0.6113465685181054
lab_5245_min,0.000944026262638435,0.9475797457060005
lab_5373_min,0.0009432008026598788,0.7232507993159343
chart_1007_min,0.0008866352059709503,0.7938136664436017
lab_5821_max,0.0008861310374402925,0.92334002528069
lab_5585_min,0.000883045372511906,0.9372444047884602
lab_5245_max,0.0008669803540390876,0.9475797457060005
lab_5569_min,0.000852110481733229,0.9372444047884602
lab_5253_max,0.0008165865184069579,0.8424418172354822
lab_5585_max,0.000807614656420658,0.9372444047884602
lab_5565_max,0.0007985578715549516,0.9372444047884602
lab_5569_max,0.0007891418535457726,0.9372444047884602
lab_5565_min,0.0007677975007238357,0.9372444047884602
lab_5568_min,0.0007673316966738716,0.9372444047884602
lab_6472_max,0.0007564942760770827,0.2847051825414529
lab_5060_max,0.0007472311358218333,0.968324782511711
lab_5611_min,0.0007430545560433035,0.9508513644137111
lab_5568_max,0.0007214107998384115,0.9372444047884602
lab_6472_min,0.0007154579075458777,0.2847051825414529
lab_5403_max,0.0007149485709008311,0.9450516767045877
lab_6842_min,0.0006894181125379026,0.7824373559372444
lab_5253_min,0.0006645038787562994,0.8424418172354822
lab_6842_max,0.0006622973150735312,0.7824373559372444
lab_6150_min,0.0006487161135534806,0.9362777901702729
lab_5611_max,0.0006420100379781071,0.9508513644137111
lab_6149_max,0.0006354368901522521,0.9363521451409027
lab_5403_min,0.0006292897305715846,0.9450516767045877
lab_5060_min,0.0006289397164126686,0.968324782511711
lab_5222_min,0.000623831001818615,0.842516172206112
lab_6150_max,0.0006134566258474968,0.9362777901702729
lab_6457_max,0.0005957663919352928,0.8738196148412521
lab_5284_max,0.0005682082791328294,0.9147148486876348
lab_6149_min,0.0005527384116069697,0.9363521451409027
lab_5284_min,0.0005463705180331934,0.9147148486876348
lab_6164_min,0.0005403498318712674,0.9377648895828686
lab_6164_max,0.0005373048047387069,0.9377648895828686
lab_6457_min,0.0005314042806217601,0.8738196148412521
lab_6795_max,0.0005253867512102566,0.9712989813369024
lab_6182_min,0.0005213184720198754,0.9344189159045282
lab_6180_max,0.0005207823204025109,0.9350881106401963
lab_5399_min,0.0005126141930505599,0.9525615287381961
lab_5247_max,0.0005124993212950212,0.842516172206112
lab_6795_min,0.0005056314137027093,0.9712989813369024
lab_6180_min,0.0005001976750051978,0.9350881106401963
lab_6182_max,0.0004981202643107761,0.9344189159045282
lab_6456_max,0.0004979855837746091,0.8737452598706223
lab_5195_max,0.0004955573676001265,0.9241579299576177
lab_6193_max,0.00047911971925859514,0.9343445609338984
lab_5263_max,0.00047667391115818584,0.914640493717005
lab_5263_min,0.00047569826747443256,0.914640493717005
lab_5222_max,0.00046571462889524523,0.842516172206112
lab_5307_min,0.00046198978589200127,0.9417800579968771
lab_5562_min,0.0004605430750305693,0.9880288497286044
lab_5195_min,0.0004576217640048613,0.9241579299576177
lab_5032_max,0.00045545337097334816,0.9443081269982898
lab_6456_min,0.00044424270028367325,0.8737452598706223
lab_5281_max,0.0004420355808568921,0.914640493717005
lab_5283_min,0.0004388911022339928,0.9514462041787494
lab_5262_min,0.0004377568282693014,0.9145661387463752
lab_5032_min,0.0004363949351150252,0.9443081269982898
lab_6165_max,0.00043265316117094814,0.9364265001115325
lab_5047_min,0.000428356751785484,0.9701836567774555
lab_5287_min,0.0004265726074252716,0.9145661387463752
lab_5281_min,0.00042285151185543837,0.914640493717005
lab_5047_max,0.0004207465875926947,0.9701836567774555
lab_5283_max,0.000418915295993132,0.9514462041787494
lab_6459_max,0.0004113419547390351,0.86757379730835
lab_6193_min,0.00040977664141756174,0.9343445609338984
lab_6459_min,0.0004068274910411592,0.86757379730835
lab_6547_min,0.0004064508165854606,0.9660941333928174
lab_6477_min,0.0004009671190370517,0.9443081269982898
lab_5562_max,0.00040080924114522783,0.9880288497286044
lab_6477_max,0.00040080759998139734,0.9443081269982898
lab_6547_max,0.00040011241072237483,0.9660941333928174
lab_6165_min,0.00039944026587779275,0.9364265001115325
lab_6065_max,0.00039761788009304533,0.995464346791583
lab_5399_max,0.0003940748763405125,0.9525615287381961
lab_6799_max,0.0003920168636899858,0.8737452598706223
lab_5040_min,0.00039068568055201924,0.9729347906907577
lab_5287_max,0.00038898171576416056,0.9145661387463752
lab_5262_max,0.0003775551704296177,0.9145661387463752
chart_1019_min,0.00037488112144573826,0.9998512900587404
lab_6545_max,0.00036923627929883704,0.9655736485984088
lab_6545_min,0.0003681387267334669,0.9655736485984088
lab_5307_max,0.0003617443681976078,0.9417800579968771
lab_6065_min,0.00035945195298501246,0.995464346791583
lab_5155_max,0.00035545164870248497,0.9962078964978809
lab_5040_max,0.00034123369945066766,0.9729347906907577
chart_1033_min,0.0003407881410201818,0.9934567625845788
lab_6156_min,0.0003396145897884682,0.9953156368503234
lab_5155_min,0.00033939790898010545,0.9962078964978809
lab_5203_min,0.0003372837657930819,0.9439363521451409
lab_6056_min,0.0003359242977738033,0.992713212878281
lab_6799_min,0.00031944126800772377,0.8737452598706223
lab_5203_max,0.00031930311348621847,0.9439363521451409
chart_1033_max,0.0003040661508048991,0.9934567625845788
lab_5030_min,0.00030195874283804396,0.9870622351104171
lab_6841_max,0.00029673122636833716,0.7819168711428359
lab_6081_min,0.0002898636427897576,0.9926388579076512
lab_5030_max,0.00028807702829472596,0.9870622351104171
lab_6081_max,0.0002878368219867475,0.9926388579076512
lab_6057_min,0.0002854387097648241,0.992713212878281
lab_5335_max,0.0002851441681991797,0.9889211093761618
lab_5264_min,0.000283417071548381,0.9953156368503234
lab_6543_min,0.0002819774736434159,0.9652018737452599
lab_5558_min,0.0002728427186444504,0.9627481597144769
lab_6168_max,0.00027165897441768156,0.9927875678489106
lab_5558_max,0.0002712873071781491,0.9627481597144769
lab_6874_min,0.0002711254510351261,0.8796193025503755
lab_6546_max,0.00027056165578118055,0.9655736485984088
lab_6056_max,0.000270413524097046,0.992713212878281
lab_6458_min,0.0002688918375964044,0.8738939698118819
lab_5336_min,0.0002674560854878678,0.9889211093761618
lab_6544_max,0.0002625533249334663,0.9660941333928174
lab_6546_min,0.0002593117973453458,0.9655736485984088
lab_6876_max,0.00025712903211337764,0.8805115621979329
lab_6099_max,0.00025542932187786084,0.9919696631719831
lab_6560_max,0.00025418255353951,0.9733065655439066
lab_6066_max,0.0002541544366816725,0.995464346791583
lab_5410_min,0.0002535857255457861,0.9952412818796936
lab_6560_min,0.0002535316601979315,0.9733065655439066
chart_1019_max,0.00025349862848970766,0.9998512900587404
lab_5542_min,0.0002514515200460682,0.9964309614097703
lab_6583_min,0.0002503522961082763,0.9927875678489106
lab_5247_min,0.00024849753866199015,0.842516172206112
lab_6551_max,0.00024726601866764794,0.9652018737452599
lab_6551_min,0.000247034565124389,0.9652018737452599
lab_5194_max,0.000246388756730192,0.9684734924529704
lab_5335_min,0.00024577115328395583,0.9889211093761618
lab_6284_min,0.000245060209928491,0.9988846754405531
lab_6583_max,0.00024141834348556326,0.9927875678489106
lab_6458_max,0.00024057820582554218,0.8738939698118819
lab_5852_min,0.00023756988342209977,0.9928619228195404
lab_5264_max,0.0002358416534967756,0.9953156368503234
lab_5204_max,0.00023377184073615246,0.9220016358093539
lab_6876_min,0.00023292855527195624,0.8805115621979329
lab_5336_max,0.00023212851924020477,0.9889211093761618
lab_6875_max,0.0002302924363778728,0.8799167224328946
lab_5547_max,0.00022932579364117405,0.9964309614097703
lab_5200_max,0.0002281387939478176,0.9986616105286639
lab_5410_max,0.000226838692266284,0.9952412818796936
lab_5201_min,0.0002250821347279685,0.9219272808387241
lab_6303_max,0.00022374478535159694,0.9979924157929958
lab_6853_max,0.00022312589394068457,0.973529630455796
lab_6582_min,0.00022098984443019845,0.9927875678489106
lab_5200_min,0.00022021833047543388,0.9986616105286639
lab_6284_max,0.0002184951422125673,0.9988846754405531
lab_5197_min,0.00021823367132313225,0.9691426871886386
lab_6156_max,0.00021808064674847796,0.9953156368503234
lab_6874_max,0.00021754194479406964,0.8796193025503755
lab_6057_max,0.0002171030986515971,0.992713212878281
lab_6626_max,0.0002167052288690536,0.9960591865566213
lab_6098_max,0.0002163949236030932,0.9926388579076512
lab_6146_max,0.00021627746260745664,0.9969514462041787
lab_6302_max,0.00021574457349897644,0.9979924157929958
lab_6066_min,0.0002149616272073719,0.995464346791583
lab_6301_min,0.00021453539913956354,0.9981411257342553
lab_5071_min,0.0002125624224822428,0.9955387017622128
lab_5202_max,0.0002084054551294824,0.9218529258680943
lab_6289_max,0.00020802791788392347,0.9663915532753364
lab_6875_min,0.00020460154707456707,0.8799167224328946
lab_5544_max,0.00020399242517071085,0.9964309614097703
lab_5852_max,0.0002030292513637983,0.9928619228195404
lab_6841_min,0.00020275051789220858,0.7819168711428359
lab_5197_max,0.00020086338429223155,0.9691426871886386
lab_5204_min,0.0002008006721223146,0.9220016358093539
lab_5071_max,0.0001946234747151626,0.9955387017622128
lab_6302_min,0.00019407455032451203,0.9979924157929958
lab_6321_min,0.0001936004923689111,0.9663915532753364
lab_5201_max,0.0001934826609345969,0.9219272808387241
lab_5199_max,0.00019323622139250676,0.9219272808387241
lab_5199_min,0.00019260229525004644,0.9219272808387241
lab_6069_max,0.00019228094829453268,0.9965796713510298
lab_6168_min,0.00019022254828012162,0.9927875678489106
lab_6877_max,0.000189381465352367,0.9145661387463752
lab_6099_min,0.00018847994781913147,0.9919696631719831
lab_5182_min,0.00018817498792076504,0.9971001561454383
lab_5202_min,0.00018698561843518961,0.9218529258680943
lab_6321_max,0.00018692641958370108,0.9663915532753364
lab_6877_min,0.00018490457556732612,0.9145661387463752
lab_6301_max,0.00018406434582874144,0.9981411257342553
lab_6543_max,0.00018136648354631594,0.9652018737452599
lab_6544_min,0.00018095166007494733,0.9660941333928174
lab_6303_min,0.0001739795790430375,0.9979924157929958
lab_6853_min,0.00017346044308816735,0.973529630455796
lab_5547_min,0.00017341909379428965,0.9964309614097703
lab_6289_min,0.00017232145512110461,0.9663915532753364
lab_5196_max,0.00017137263921715532,0.9715964012194215
lab_6794_max,0.00016722679966916406,0.9856494906684512
lab_6101_max,0.00016665998820461543,0.9919696631719831
lab_6548_min,0.00016498712599467111,0.9656480035690386
lab_6109_max,0.0001638015089223184,0.9859469105509703
lab_6101_min,0.0001627905357721569,0.9919696631719831
lab_5546_min,0.00016242185074595564,0.9964309614097703
lab_6294_max,0.0001614952175071997,0.9984385456167745
lab_6169_max,0.00016104320776056766,0.997546285969217
lab_6172_min,0.00016069221448217842,0.9985872555580341
lab_5544_min,0.00015907875478502796,0.9964309614097703
lab_6548_max,0.00015767726584399658,0.9656480035690386
lab_6270_max,0.00015570590398252118,0.9999256450293702
lab_6013_max,0.00015384526462628858,0.9990333853818127
lab_6794_min,0.0001529272889307836,0.9856494906684512
lab_6582_max,0.00014972714505812168,0.9927875678489106
lab_6556_min,0.00014933798854271978,0.9734552754851662
lab_6151_min,0.0001471442068870448,0.9955387017622128
chart_1013_max,0.00014709590470968884,0.9418544129675068
lab_6109_min,0.00014621914226112752,0.9859469105509703
lab_6069_min,0.00014310593101879134,0.9965796713510298
lab_6172_max,0.00014021027000250298,0.9985872555580341
lab_6290_min,0.00014013572895100454,0.9663915532753364
lab_5169_min,0.00013861391003959573,0.9971001561454383
lab_5542_max,0.0001375745018668058,0.9964309614097703
lab_5545_max,0.00013742221744115932,0.9964309614097703
lab_5194_min,0.00013581858107565212,0.9684734924529704
lab_5546_max,0.00013490440568278246,0.9964309614097703
lab_6294_min,0.00013326525234994292,0.9984385456167745
lab_5182_max,0.000131912315129688,0.9971001561454383
lab_6270_min,0.00013142129408930675,0.9999256450293702
lab_6161_min,0.00013084029016956555,0.9949438619971746
lab_5543_max,0.0001305008481725926,0.9964309614097703
lab_6146_min,0.00012871181841785442,0.9969514462041787
lab_6169_min,0.00012736097764909878,0.997546285969217
lab_6626_min,0.00012547163630849167,0.9960591865566213
lab_5597_max,0.0001250967483138288,0.9994051602349617
lab_7012_max,0.00012458954770504092,0.9284705182541453
lab_5854_max,0.0001227613179774355,0.9928619228195404
lab_5837_min,0.00012093015451105633,0.9919696631719831
lab_6151_max,0.00011929789355730597,0.9955387017622128
lab_5591_max,0.00011894552524171237,0.9988846754405531
lab_5153_min,0.00011867613412360663,0.999628225146851
lab_5156_min,0.00011783305640946053,0.9968027362629192
lab_6013_min,0.00011760684341468276,0.9990333853818127
lab_5153_max,0.00011618416781704756,0.999628225146851
lab_6553_max,0.00011523252959388835,0.9997025801174808
lab_5156_max,0.00011498236152817767,0.9968027362629192
lab_6105_max,0.00011484312453819822,0.9928619228195404
lab_6934_max,0.0001125165062968762,0.9934567625845788
lab_5545_min,0.00011156542744470242,0.9964309614097703
lab_5832_min,0.00011150780528828514,0.9926388579076512
lab_6856_min,0.0001102744428641876,0.973529630455796
lab_5543_min,0.00010885568344180334,0.9964309614097703
lab_6564_min,0.00010790523435648192,0.9734552754851662
lab_5183_min,0.00010718963153260505,0.9980667707636256
lab_5837_max,0.0001068078062927597,0.9919696631719831
lab_6553_min,0.00010630651673452008,0.9997025801174808
lab_6856_max,0.00010619268300048678,0.973529630455796
lab_6016_max,0.00010563521275407299,0.9988846754405531
lab_5183_max,0.00010554908576504173,0.9980667707636256
lab_5196_min,0.00010551406352967037,0.9715964012194215
lab_5151_max,0.00010532460928945539,0.9284705182541453
lab_5185_max,0.00010440060603347761,0.997918060822366
lab_6569_max,0.00010418925977532468,0.973529630455796
lab_6549_max,0.00010344839894123864,0.9655736485984088
lab_5151_min,0.00010315916817073318,0.9284705182541453
chart_1013_min,0.00010292362891043056,0.9418544129675068
lab_5838_max,0.00010252813926127702,0.9919696631719831
lab_5832_max,0.00010235945834574707,0.9926388579076512
lab_5597_min,0.00010004507655940738,0.9994051602349617
lab_6564_max,9.997509936389007e-05,0.9734552754851662
lab_5854_min,9.918672836011126e-05,0.9928619228195404
lab_6016_min,9.892038041399572e-05,0.9988846754405531
lab_6985_max,9.756574452684513e-05,0.9834931965201874
lab_6569_min,9.441981265101891e-05,0.973529630455796
lab_6556_max,9.42219677387453e-05,0.9734552754851662
lab_6568_min,9.341281661397996e-05,0.9732322105732768
lab_6161_max,9.207953949954978e-05,0.9949438619971746
lab_6914_min,9.117248656420418e-05,0.9939772473789873
lab_5073_min,9.026343845102531e-05,0.9912261134656852
lab_6624_min,8.993821444578264e-05,0.9960591865566213
lab_5185_min,8.99126515119599e-05,0.997918060822366
lab_5838_min,8.736965977155341e-05,0.9919696631719831
lab_5171_min,8.591913563634752e-05,0.9976949959104766
lab_5169_max,8.58442907339602e-05,0.9971001561454383
lab_5061_min,8.571086360903174e-05,0.995464346791583
lab_6290_max,8.501583337764478e-05,0.9663915532753364
lab_5591_min,8.470342062142406e-05,0.9988846754405531
lab_5176_max,8.412120464136501e-05,0.9979924157929958
lab_7012_min,8.330365059153203e-05,0.9284705182541453
lab_5382_min,8.310959794487896e-05,0.990928693583166
lab_6935_max,8.212133793848779e-05,0.9934567625845788
lab_6280_max,8.108627203351022e-05,0.9998512900587404
lab_5073_max,8.037731968349896e-05,0.9912261134656852
lab_5061_max,7.896329447933092e-05,0.995464346791583
lab_5172_max,7.834073566065884e-05,0.9978437058517362
lab_6914_max,7.825063897696297e-05,0.9939772473789873
lab_6534_min,7.787725577502865e-05,0.9981411257342553
lab_6105_min,7.785657843633207e-05,0.9928619228195404
lab_6103_max,7.706060552424146e-05,0.9928619228195404
lab_5171_max,7.603760362490725e-05,0.9976949959104766
lab_5168_max,7.586785140820771e-05,0.9979924157929958
chart_1012_min,7.5734485247335e-05,0.8074206260688527
lab_5382_max,7.536143235144501e-05,0.990928693583166
lab_6855_min,7.51729857517393e-05,0.973529630455796
lab_6850_min,7.319054168175106e-05,0.9736783403970556
lab_6273_min,7.30755540268506e-05,0.9998512900587404
lab_6549_min,7.23809437931014e-05,0.9655736485984088
lab_5166_max,7.143425322720598e-05,0.997546285969217
lab_6987_min,7.092641427561939e-05,0.9868391701985277
lab_6916_min,7.004087479059795e-05,0.9939772473789873
lab_6985_min,6.966861786534951e-05,0.9834931965201874
lab_6304_min,6.919487964230481e-05,0.9990333853818127
lab_5173_max,6.88387660888344e-05,0.9998512900587404
lab_6098_min,6.852904238173524e-05,0.9926388579076512
lab_5176_min,6.837758140041934e-05,0.9979924157929958
lab_6163_max,6.81640893947991e-05,0.9962822514685107
lab_5173_min,6.793248874029047e-05,0.9998512900587404
lab_6986_min,6.760196183351075e-05,0.9834931965201874
lab_6624_max,6.650518083855844e-05,0.9960591865566213
lab_6273_max,6.604230239824517e-05,0.9998512900587404
lab_6992_min,6.593523199850791e-05,0.9845341661090043
lab_6571_max,6.472512959268184e-05,0.9733809205145364
lab_5181_max,6.429179918494808e-05,0.9980667707636256
lab_5181_min,6.425184162887443e-05,0.9980667707636256
lab_6855_max,6.415770233858932e-05,0.973529630455796
lab_6534_max,6.392094299216283e-05,0.9981411257342553
lab_5177_min,6.340489759844076e-05,0.9976206409398468
lab_6163_min,6.0700062962202195e-05,0.9962822514685107
lab_6267_min,5.98086354735828e-05,0.9977693508811064
chart_1012_max,5.9043424111233725e-05,0.8074206260688527
lab_5172_min,5.8796152145877166e-05,0.9978437058517362
lab_5165_min,5.56655630415076e-05,0.997918060822366
lab_6852_max,5.3433739360109284e-05,0.973529630455796
lab_6849_max,5.3348850384462146e-05,0.973529630455796
lab_6568_max,5.310639760490613e-05,0.9732322105732768
lab_5170_max,5.268101168065207e-05,0.9979924157929958
lab_5167_min,5.2404608889667346e-05,0.9979924157929958
lab_5180_min,5.2318591611335966e-05,0.9980667707636256
lab_5165_max,5.18736627835309e-05,0.997918060822366
lab_6240_max,5.163215529429756e-05,0.973529630455796
lab_6991_max,5.1022563460679374e-05,0.9845341661090043
lab_6989_max,5.0693186222030184e-05,0.9843854561677449
lab_6992_max,4.9911323918766915e-05,0.9845341661090043
lab_6987_max,4.983901071148884e-05,0.9868391701985277
lab_6304_max,4.960721488007069e-05,0.9990333853818127
lab_6250_min,4.949896283729421e-05,0.973529630455796
lab_6850_max,4.933941388123843e-05,0.9736783403970556
lab_6558_min,4.9266714417126e-05,0.9738270503383151
lab_6103_min,4.92449293131939e-05,0.9928619228195404
lab_6915_max,4.9238278372289506e-05,0.9939028924083575
lab_5184_max,4.67445152696034e-05,0.9977693508811064
lab_6851_min,4.661457135967718e-05,0.973529630455796
lab_6554_max,4.638487533167149e-05,0.9733809205145364
lab_5180_max,4.580944195278964e-05,0.9980667707636256
lab_6991_min,4.543927655856403e-05,0.9845341661090043
lab_6916_max,4.535415572420733e-05,0.9939772473789873
lab_6571_min,4.5323316700939256e-05,0.9733809205145364
lab_6112_min,4.5143302196011194e-05,0.9859469105509703
lab_6280_min,4.4640717397800215e-05,0.9998512900587404
lab_6267_max,4.451629147695441e-05,0.9977693508811064
lab_6993_min,4.3801012058400525e-05,0.9834931965201874
lab_6561_max,4.3642601773223015e-05,0.9733065655439066
lab_5168_min,4.2378178870787885e-05,0.9979924157929958
lab_6570_min,4.0576345488093354e-05,0.9733809205145364
lab_5166_min,3.93608280348534e-05,0.997546285969217
lab_6567_min,3.8840823908279025e-05,0.9733065655439066
lab_6240_min,3.8332461343188395e-05,0.973529630455796
lab_5167_max,3.805828038648191e-05,0.9979924157929958
lab_6558_max,3.794188443518829e-05,0.9738270503383151
lab_5184_min,3.69969984683078e-05,0.9977693508811064
lab_5170_min,3.61095973975895e-05,0.9979924157929958
lab_6561_min,3.5826129656960345e-05,0.9733065655439066
lab_6566_min,3.48957868186531e-05,0.973529630455796
lab_6252_min,3.471160247276995e-05,0.973529630455796
lab_6112_max,3.469957542642725e-05,0.9859469105509703
lab_6176_max,3.4221263185385e-05,0.995092571938434
lab_6567_max,3.336971688134167e-05,0.9733065655439066
lab_6158_max,3.3212136679812874e-05,0.9963566064391405
lab_6993_max,3.312383337330796e-05,0.9834931965201874
lab_6176_min,3.2953611918921425e-05,0.995092571938434
lab_5177_max,3.282831241484379e-05,0.9976206409398468
lab_6804_min,3.236849470612093e-05,0.9991077403524425
lab_6241_min,3.201985906350142e-05,0.973529630455796
lab_6989_min,3.196106367383047e-05,0.9843854561677449
lab_6986_max,3.1284123746064835e-05,0.9834931965201874
lab_6173_max,3.1045293943174114e-05,0.9980667707636256
lab_6915_min,3.0646507977034044e-05,0.9939028924083575
lab_6851_max,3.0181930021190252e-05,0.973529630455796
lab_6293_max,2.9853479548547133e-05,0.9985129005874043
lab_6628_max,2.8846824609325953e-05,0.9959104766153617
lab_6849_min,2.7671987925082933e-05,0.973529630455796
lab_6035_max,2.6265437382805985e-05,0.9964309614097703
lab_6175_max,2.6120315771184104e-05,0.9978437058517362
lab_6489_max,2.5960713510149512e-05,0.9999256450293702
lab_6253_min,2.5467379666657148e-05,0.973529630455796
lab_6888_max,2.4821801669686043e-05,0.9991077403524425
lab_6554_min,2.4651682311914608e-05,0.9733809205145364
lab_6035_min,2.3881448974233297e-05,0.9964309614097703
lab_6250_max,2.3585685352256557e-05,0.973529630455796
lab_6241_max,2.3138112757242926e-05,0.973529630455796
lab_6854_max,2.3083271115895737e-05,0.973529630455796
lab_6252_max,2.3051196917241455e-05,0.973529630455796
lab_6489_min,2.2956901385740627e-05,0.9999256450293702
lab_6550_max,2.24897798746132e-05,0.9995538701762213
lab_6173_min,2.1894585767632188e-05,0.9980667707636256
lab_6337_min,2.051749351686107e-05,0.9880288497286044
lab_6122_min,2.0159052045116793e-05,0.9859469105509703
lab_6242_min,2.0074200095350938e-05,0.973529630455796
lab_6803_max,1.9549368435456913e-05,0.998959030411183
lab_6158_min,1.9119554889463155e-05,0.9963566064391405
lab_6570_max,1.858617780595142e-05,0.9733809205145364
lab_6122_max,1.8543663031912307e-05,0.9859469105509703
lab_6337_max,1.839479578797227e-05,0.9880288497286044
lab_6801_max,1.832025843886209e-05,0.998959030411183
lab_6804_max,1.8298196279366648e-05,0.9991077403524425
lab_6805_min,1.800426282623333e-05,0.998959030411183
lab_6629_min,1.786250755391785e-05,0.9959104766153617
lab_6271_max,1.7835803538673403e-05,0.9995538701762213
lab_6175_min,1.7795476696626134e-05,0.9978437058517362
lab_6801_min,1.678131706050611e-05,0.998959030411183
lab_6988_min,1.6640852885213547e-05,0.9919696631719831
lab_6271_min,1.610850032740568e-05,0.9995538701762213
lab_6888_min,1.5832956392318826e-05,0.9991077403524425
lab_6629_max,1.560270197220116e-05,0.9959104766153617
lab_6353_min,1.5445067738958704e-05,0.9994051602349617
lab_6242_max,1.5189454235870368e-05,0.973529630455796
lab_6852_min,1.4840388976594104e-05,0.973529630455796
lab_6390_min,1.4822482133100746e-05,0.9994051602349617
lab_6162_min,1.476183901370112e-05,0.9785857684586214
lab_6984_min,1.4693995265638507e-05,0.9871365900810469
lab_6566_max,1.3832625218482991e-05,0.973529630455796
lab_6984_max,1.3659997110432954e-05,0.9871365900810469
lab_6988_max,1.3132904525734382e-05,0.9919696631719831
lab_6070_min,1.2567658604847832e-05,0.9988846754405531
lab_6348_min,1.2216420007921417e-05,0.9994051602349617
lab_6353_max,1.1989234820667309e-05,0.9994051602349617
lab_6391_min,1.1913090763607343e-05,0.9994051602349617
lab_6550_min,1.0833764309265708e-05,0.9995538701762213
lab_6293_min,1.0805915644152594e-05,0.9985129005874043
lab_6162_max,1.0804049926103992e-05,0.9785857684586214
lab_6185_min,1.05693804972044e-05,0.9969514462041787
lab_6559_max,1.0177104872739066e-05,0.9998512900587404
lab_6390_max,9.753304377540479e-06,0.9994051602349617
lab_6419_min,9.542691225344941e-06,0.9994051602349617
lab_6803_min,9.514111314300165e-06,0.998959030411183
lab_6253_max,9.286324119011282e-06,0.973529630455796
lab_6343_min,9.268630517313331e-06,0.9994051602349617
lab_6185_max,9.099959366791006e-06,0.9969514462041787
lab_6613_min,8.852636083673686e-06,0.9994051602349617
lab_6854_min,8.818582641328514e-06,0.973529630455796
lab_6354_max,8.750631960499511e-06,0.9994051602349617
lab_5310_max,8.615149617609427e-06,0.9972488660866979
lab_6287_min,8.37090420656013e-06,0.9987359654992937
lab_6070_max,8.303570012692292e-06,0.9988846754405531
lab_6781_max,8.24471517107843e-06,0.9994051602349617
lab_6627_min,7.665235773575633e-06,0.9959104766153617
lab_6344_min,7.619551160243663e-06,0.9994051602349617
lab_6394_max,7.229019616103403e-06,0.9994051602349617
lab_6614_min,6.79629030172519e-06,0.9994051602349617
lab_6401_max,6.487708277592675e-06,0.9994051602349617
lab_5258_max,6.314615451014563e-06,0.9973975760279574
lab_6606_max,6.166917536032937e-06,0.9994051602349617
lab_6990_max,6.037929719052219e-06,0.9834931965201874
lab_6243_max,5.955389116721092e-06,0.973529630455796
lab_6587_min,5.895290268561572e-06,0.9994051602349617
lab_6782_max,5.863322223114174e-06,0.9994051602349617
lab_6782_min,5.842059711502759e-06,0.9994051602349617
lab_6355_max,5.684123673200102e-06,0.9994051602349617
lab_6243_min,5.603517744795086e-06,0.973529630455796
lab_6593_min,5.515169044737452e-06,0.9994051602349617
lab_6766_min,5.435407471929343e-06,0.9994051602349617
lab_6400_max,5.38209890995576e-06,0.9994051602349617
lab_6346_min,5.353890251937866e-06,0.9994051602349617
lab_6406_max,5.232340699281513e-06,0.9994051602349617
lab_6348_max,5.1856351148997235e-06,0.9994051602349617
lab_5289_max,5.118527353782652e-06,0.9971001561454383
lab_6764_min,5.07672064060524e-06,0.9994051602349617
lab_5310_min,5.037567696170744e-06,0.9972488660866979
lab_5258_min,4.907861219343848e-06,0.9973975760279574
lab_6759_min,4.904614703935381e-06,0.9994051602349617
lab_7006_min,4.807465204864285e-06,0.9953156368503234
lab_6464_max,4.73611187803783e-06,0.9982154807048851
lab_6397_max,4.691464589214998e-06,0.9994051602349617
lab_5058_max,4.675028316077605e-06,0.9994795152055915
lab_6192_max,4.636720177301225e-06,0.9964309614097703
lab_5628_max,4.48937611510451e-06,0.999628225146851
lab_6395_min,4.4158846806975366e-06,0.9994051602349617
lab_6990_min,4.412260284105321e-06,0.9834931965201874
lab_5289_min,4.343707363274441e-06,0.9971001561454383
lab_5035_max,4.175806475212734e-06,0.9997769350881106
lab_6605_min,3.836926060859703e-06,0.9994051602349617
lab_7026_min,3.740300667859232e-06,0.9999256450293702
lab_6767_max,3.7141881547559447e-06,0.9994051602349617
lab_6602_max,3.61898520227749e-06,0.9994051602349617
lab_6389_max,3.6165014377428903e-06,0.9994051602349617
lab_6341_min,3.51498003259711e-06,0.9994051602349617
lab_6465_max,3.1766393543979035e-06,0.9982154807048851
lab_6599_max,3.1036410009643884e-06,0.9994051602349617
lab_6192_min,3.0699506644774466e-06,0.9964309614097703
lab_6760_min,3.009993788043897e-06,0.9994051602349617
lab_6385_max,2.959262289021345e-06,0.9994051602349617
lab_6602_min,2.9589194269511504e-06,0.9994051602349617
lab_6760_max,2.958876501807108e-06,0.9994051602349617
lab_6344_max,2.9238896618054993e-06,0.9994051602349617
lab_6934_min,2.8533063581007874e-06,0.9934567625845788
lab_6620_max,2.8475459911420465e-06,0.9994051602349617
lab_6920_min,2.838232170366534e-06,0.9991820953230723
lab_6620_min,2.809753209982296e-06,0.9994051602349617
lab_6592_max,2.7962748844441512e-06,0.9994051602349617
lab_6342_min,2.7456643496963415e-06,0.9994051602349617
lab_6628_min,2.734291894739489e-06,0.9959104766153617
lab_6015_max,2.7130120437066053e-06,0.999628225146851
lab_6400_min,2.6734121649945198e-06,0.9994051602349617
lab_5191_min,2.6425285080031393e-06,0.9998512900587404
lab_6383_max,2.622461222537004e-06,0.9994051602349617
lab_6389_min,2.62155357656163e-06,0.9994051602349617
lab_6388_min,2.606916834405183e-06,0.9994051602349617
lab_6342_max,2.5931259340411997e-06,0.9994051602349617
lab_6811_max,2.5930158985161745e-06,0.9991077403524425
lab_6039_max,2.5911681766329513e-06,0.9991077403524425
lab_5413_max,2.5336906695525153e-06,0.9997769350881106
lab_6345_min,2.532957129967441e-06,0.9994051602349617
lab_5028_min,2.506137939677755e-06,0.9994795152055915
lab_6605_max,2.490694024514676e-06,0.9994051602349617
lab_5232_max,2.469469022462803e-06,0.9999256450293702
lab_6616_min,2.4363568136123184e-06,0.9994051602349617
lab_6467_min,2.3998366112416697e-06,0.9982154807048851
lab_6872_max,2.382531251043056e-06,0.9988846754405531
lab_6340_min,2.3532713791172743e-06,0.9994051602349617
lab_6408_max,2.312730718846748e-06,0.9994051602349617
lab_6871_min,2.2949378314370224e-06,0.9988846754405531
lab_6148_min,2.288677146630624e-06,0.9997769350881106
lab_5068_min,2.282147249994424e-06,0.9997025801174808
lab_6559_min,2.2416601549858525e-06,0.9998512900587404
lab_6082_max,2.2310731333226335e-06,0.9997769350881106
lab_5065_min,2.2228922904849307e-06,0.9997769350881106
lab_6627_max,2.2131084528735834e-06,0.9959104766153617
lab_6995_max,2.129746500590133e-06,0.9999256450293702
lab_6312_max,2.0644525248337053e-06,0.9995538701762213
lab_5292_max,2.0643623899402162e-06,0.9968027362629192
lab_6183_min,2.0473044898050895e-06,0.9998512900587404
lab_6947_min,2.0410674106401824e-06,0.9991820953230723
lab_5028_max,2.025686230338883e-06,0.9994795152055915
lab_6259_min,2.025632490565537e-06,0.9994795152055915
lab_6999_min,1.9794055696830946e-06,0.9987359654992937
lab_7017_max,1.9777822010267807e-06,0.9982154807048851
lab_7007_min,1.9678924104034922e-06,0.9999256450293702
lab_6918_min,1.9672432409317664e-06,0.9991077403524425
lab_6409_max,1.8651850185630537e-06,0.9994051602349617
lab_6403_max,1.8367957935284808e-06,0.9994051602349617
lab_6591_min,1.8055778064869144e-06,0.9994051602349617
lab_6589_max,1.728992228034865e-06,0.9994051602349617
lab_5064_min,1.6576572433913492e-06,0.9962078964978809
lab_7006_max,1.6319557912441052e-06,0.9953156368503234
lab_6805_max,1.6216089126581548e-06,0.998959030411183
lab_6463_max,1.6012136737020569e-06,0.9982154807048851
lab_5008_max,1.5701298318315472e-06,0.9999256450293702
lab_6622_min,1.5674538419384723e-06,0.9994051602349617
lab_6590_max,1.535478367353817e-06,0.9994051602349617
lab_6419_max,1.52017012910603e-06,0.9994051602349617
lab_6387_min,1.4849658022745914e-06,0.9994051602349617
lab_6935_min,1.4833366507700857e-06,0.9934567625845788
lab_7000_min,1.4724515382610332e-06,0.9988103204699235
lab_6399_min,1.4671985967956501e-06,0.9994051602349617
lab_6465_min,1.0692716754672144e-06,0.9982154807048851
lab_6616_max,4.023255863843887e-07,0.9994051602349617
lab_6606_min,3.993828988428048e-07,0.9994051602349617
lab_6383_min,3.9603762834560545e-07,0.9994051602349617
lab_6588_max,1.5466970212120515e-07,0.9994051602349617
lab_6466_min,5.128268986334332e-08,0.9982154807048851
lab_6467_max,4.300859728090492e-08,0.9982154807048851
lab_6396_max,6.637112451485726e-09,0.9994051602349617
lab_5511_max,3.245535474059857e-09,0.9999256450293702
lab_7002_max,7.372279639015274e-10,0.9953156368503234
lab_6118_min,1.3410546131969742e-10,0.9993308052643319
lab_5621_min,0.0,0.9998512900587404
lab_5190_min,0.0,0.9998512900587404
lab_7022_max,0.0,0.9999256450293702
lab_5671_min,0.0,0.9998512900587404
lab_5622_min,0.0,0.9998512900587404
lab_6295_min,0.0,0.9998512900587404
lab_6565_min,0.0,0.9998512900587404
lab_6295_max,0.0,0.9998512900587404
lab_5188_min,0.0,0.9998512900587404
lab_5567_min,0.0,0.9998512900587404
lab_6526_min,0.0,0.9998512900587404
lab_6955_min,0.0,0.9999256450293702
lab_6527_min,0.0,0.9998512900587404
lab_7002_min,0.0,0.9953156368503234
lab_5189_min,0.0,0.9998512900587404
lab_6391_max,0.0,0.9994051602349617
lab_7001_min,0.0,0.9988103204699235
lab_6073_min,0.0,0.9997769350881106
lab_6557_min,0.0,0.9997769350881106
lab_6951_max,0.0,0.9997769350881106
lab_6843_min,0.0,0.9997769350881106
lab_6426_min,0.0,0.9997769350881106
lab_6073_max,0.0,0.9997769350881106
lab_7001_max,0.0,0.9988103204699235
lab_6858_max,0.0,0.9997769350881106
lab_6843_max,0.0,0.9997769350881106
lab_6858_min,0.0,0.9997769350881106
lab_5413_min,0.0,0.9997769350881106
lab_6082_min,0.0,0.9997769350881106
lab_6426_max,0.0,0.9997769350881106
lab_5035_min,0.0,0.9997769350881106
lab_5065_max,0.0,0.9997769350881106
lab_6557_max,0.0,0.9997769350881106
lab_6951_min,0.0,0.9997769350881106
lab_5064_max,0.0,0.9962078964978809
lab_6064_min,0.0,0.9998512900587404
lab_6866_min,0.0,0.9998512900587404
lab_6866_max,0.0,0.9998512900587404
lab_6526_max,0.0,0.9998512900587404
lab_6527_max,0.0,0.9998512900587404
lab_6565_max,0.0,0.9998512900587404
lab_6183_max,0.0,0.9998512900587404
lab_6955_max,0.0,0.9999256450293702
lab_5191_max,0.0,0.9998512900587404
lab_5621_max,0.0,0.9998512900587404
lab_5189_max,0.0,0.9998512900587404
lab_5190_max,0.0,0.9998512900587404
lab_5671_max,0.0,0.9998512900587404
lab_6064_max,0.0,0.9998512900587404
lab_5622_max,0.0,0.9998512900587404
lab_5188_max,0.0,0.9998512900587404
lab_5567_max,0.0,0.9998512900587404
lab_7021_max,0.0,0.9999256450293702
lab_6959_max,0.0,0.9999256450293702
lab_6957_max,0.0,0.9999256450293702
lab_6562_min,0.0,0.9999256450293702
lab_6528_max,0.0,0.9999256450293702
lab_6254_max,0.0,0.973529630455796
lab_6438_max,0.0,0.9999256450293702
lab_6428_max,0.0,0.9999256450293702
lab_6195_max,0.0,0.9999256450293702
lab_6254_min,0.0,0.973529630455796
lab_6563_min,0.0,0.9999256450293702
lab_6623_min,0.0,0.9999256450293702
lab_5539_min,0.0,0.9999256450293702
lab_6555_min,0.0,0.9999256450293702
lab_6074_max,0.0,0.9999256450293702
lab_6299_max,0.0,0.9999256450293702
lab_6633_min,0.0,0.9999256450293702
lab_6528_min,0.0,0.9999256450293702
lab_6670_min,0.0,0.9999256450293702
lab_6871_max,0.0,0.9988846754405531
lab_6872_min,0.0,0.9988846754405531
lab_5357_max,0.0,0.9999256450293702
lab_7015_max,0.0,0.9999256450293702
lab_6563_max,0.0,0.9999256450293702
lab_5815_min,0.0,0.9999256450293702
lab_6160_min,0.0,0.9999256450293702
lab_6555_max,0.0,0.9999256450293702
lab_6839_min,0.0,0.9999256450293702
lab_5819_max,0.0,0.9999256450293702
lab_5815_max,0.0,0.9999256450293702
lab_6562_max,0.0,0.9999256450293702
lab_6074_min,0.0,0.9999256450293702
lab_6780_max,0.0,0.9999256450293702
lab_5819_min,0.0,0.9999256450293702
lab_6623_max,0.0,0.9999256450293702
lab_6839_max,0.0,0.9999256450293702
lab_6633_max,0.0,0.9999256450293702
lab_6160_max,0.0,0.9999256450293702
lab_6768_max,0.0,0.9999256450293702
lab_5539_max,0.0,0.9999256450293702
lab_6438_min,0.0,0.9999256450293702
lab_6428_min,0.0,0.9999256450293702
lab_6299_min,0.0,0.9999256450293702
lab_6997_min,0.0,0.9999256450293702
lab_7021_min,0.0,0.9999256450293702
lab_7022_min,0.0,0.9999256450293702
lab_7023_min,0.0,0.9999256450293702
lab_7024_min,0.0,0.9999256450293702
lab_7025_min,0.0,0.9999256450293702
lab_7000_max,0.0,0.9988103204699235
lab_5062_max,0.0,0.9999256450293702
lab_7023_max,0.0,0.9999256450293702
lab_6768_min,0.0,0.9999256450293702
lab_6148_max,0.0,0.9997769350881106
lab_6957_min,0.0,0.9999256450293702
lab_6959_min,0.0,0.9999256450293702
lab_6997_max,0.0,0.9999256450293702
lab_6996_max,0.0,0.9999256450293702
lab_7007_max,0.0,0.9999256450293702
lab_7027_min,0.0,0.9999256450293702
lab_7015_min,0.0,0.9999256450293702
lab_7024_max,0.0,0.9999256450293702
lab_5062_min,0.0,0.9999256450293702
lab_5232_min,0.0,0.9999256450293702
lab_6780_min,0.0,0.9999256450293702
lab_6873_max,0.0,0.9988846754405531
lab_6195_min,0.0,0.9999256450293702
lab_5511_min,0.0,0.9999256450293702
lab_6670_max,0.0,0.9999256450293702
lab_5357_min,0.0,0.9999256450293702
lab_5056_min,0.0,0.9999256450293702
lab_7025_max,0.0,0.9999256450293702
lab_5056_max,0.0,0.9999256450293702
lab_6995_min,0.0,0.9999256450293702
lab_6996_min,0.0,0.9999256450293702
lab_6998_min,0.0,0.9999256450293702
lab_7026_max,0.0,0.9999256450293702
lab_7027_max,0.0,0.9999256450293702
lab_5008_min,0.0,0.9999256450293702
lab_6427_max,0.0,0.9997769350881106
lab_6285_min,0.0,0.9997025801174808
lab_6427_min,0.0,0.9997769350881106
lab_6395_max,0.0,0.9994051602349617
lab_6350_max,0.0,0.9994051602349617
lab_7030_max,0.0,0.9982154807048851
lab_6781_min,0.0,0.9994051602349617
lab_6385_min,0.0,0.9994051602349617
lab_6767_min,0.0,0.9994051602349617
lab_6394_min,0.0,0.9994051602349617
lab_6409_min,0.0,0.9994051602349617
lab_6408_min,0.0,0.9994051602349617
lab_6407_min,0.0,0.9994051602349617
lab_6406_min,0.0,0.9994051602349617
lab_6405_min,0.0,0.9994051602349617
lab_6404_min,0.0,0.9994051602349617
lab_6403_min,0.0,0.9994051602349617
lab_6401_min,0.0,0.9994051602349617
lab_6398_min,0.0,0.9994051602349617
lab_6349_max,0.0,0.9994051602349617
lab_6347_max,0.0,0.9994051602349617
lab_7003_min,0.0,0.9976206409398468
lab_6346_max,0.0,0.9994051602349617
lab_6604_max,0.0,0.9994051602349617
lab_6766_max,0.0,0.9994051602349617
lab_6603_max,0.0,0.9994051602349617
lab_6522_min,0.0,0.9993308052643319
lab_7003_max,0.0,0.9976206409398468
lab_6593_max,0.0,0.9994051602349617
lab_6748_min,0.0,0.9982154807048851
lab_6350_min,0.0,0.9994051602349617
lab_6591_max,0.0,0.9994051602349617
lab_6622_max,0.0,0.9994051602349617
lab_6609_min,0.0,0.9994051602349617
lab_6398_max,0.0,0.9994051602349617
lab_6748_max,0.0,0.9982154807048851
lab_6354_min,0.0,0.9994051602349617
lab_6345_max,0.0,0.9994051602349617
lab_6397_min,0.0,0.9994051602349617
lab_6396_min,0.0,0.9994051602349617
lab_6343_max,0.0,0.9994051602349617
lab_6349_min,0.0,0.9994051602349617
lab_6621_min,0.0,0.9994051602349617
lab_6338_max,0.0,0.9994051602349617
lab_6758_min,0.0,0.9994051602349617
lab_6339_max,0.0,0.9994051602349617
lab_6340_max,0.0,0.9994051602349617
lab_6387_max,0.0,0.9994051602349617
lab_7030_min,0.0,0.9982154807048851
lab_6355_min,0.0,0.9994051602349617
lab_6338_min,0.0,0.9994051602349617
lab_6339_min,0.0,0.9994051602349617
lab_7018_max,0.0,0.9982154807048851
lab_6466_max,0.0,0.9982154807048851
lab_6393_min,0.0,0.9994051602349617
lab_6393_max,0.0,0.9994051602349617
lab_6392_max,0.0,0.9994051602349617
lab_6388_max,0.0,0.9994051602349617
lab_7018_min,0.0,0.9982154807048851
lab_6196_max,0.0,0.9994051602349617
lab_6592_min,0.0,0.9994051602349617
lab_6341_max,0.0,0.9994051602349617
lab_6392_min,0.0,0.9994051602349617
lab_6604_min,0.0,0.9994051602349617
lab_6603_min,0.0,0.9994051602349617
lab_6599_min,0.0,0.9994051602349617
lab_6464_min,0.0,0.9982154807048851
lab_6590_min,0.0,0.9994051602349617
lab_7017_min,0.0,0.9982154807048851
lab_6589_min,0.0,0.9994051602349617
lab_6588_min,0.0,0.9994051602349617
lab_6463_min,0.0,0.9982154807048851
lab_6586_min,0.0,0.9994051602349617
lab_6610_min,0.0,0.9994051602349617
lab_6611_min,0.0,0.9994051602349617
lab_6118_max,0.0,0.9993308052643319
lab_6764_max,0.0,0.9994051602349617
lab_6287_max,0.0,0.9987359654992937
lab_7005_max,0.0,0.9965053163804001
lab_6015_min,0.0,0.999628225146851
lab_6095_min,0.0,0.999628225146851
lab_6095_max,0.0,0.999628225146851
lab_6297_min,0.0,0.999628225146851
lab_6300_min,0.0,0.999628225146851
lab_5613_min,0.0,0.999628225146851
lab_6811_min,0.0,0.9991077403524425
lab_6300_max,0.0,0.999628225146851
lab_6297_max,0.0,0.999628225146851
lab_7008_max,0.0,0.9987359654992937
lab_7005_min,0.0,0.9965053163804001
lab_6312_min,0.0,0.9995538701762213
lab_5292_min,0.0,0.9968027362629192
lab_6630_min,0.0,0.9970258011748085
lab_6630_max,0.0,0.9970258011748085
lab_5613_max,0.0,0.999628225146851
lab_5628_min,0.0,0.999628225146851
lab_6608_max,0.0,0.9994051602349617
lab_5560_min,0.0,0.999628225146851
lab_6806_min,0.0,0.9997025801174808
lab_6999_max,0.0,0.9987359654992937
lab_6572_max,0.0,0.9997025801174808
lab_6806_max,0.0,0.9997025801174808
lab_5068_max,0.0,0.9997025801174808
lab_6285_max,0.0,0.9997025801174808
lab_6661_min,0.0,0.9997025801174808
lab_5016_min,0.0,0.9997025801174808
lab_6661_max,0.0,0.9997025801174808
lab_6572_min,0.0,0.9997025801174808
lab_6347_min,0.0,0.9994051602349617
lab_5016_max,0.0,0.9997025801174808
lab_5063_max,0.0,0.9997025801174808
lab_5063_min,0.0,0.9997025801174808
lab_5560_max,0.0,0.999628225146851
lab_5054_min,0.0,0.9994795152055915
lab_6039_min,0.0,0.9991077403524425
lab_5054_max,0.0,0.9994795152055915
lab_6873_min,0.0,0.9988846754405531
lab_6918_max,0.0,0.9991077403524425
lab_6919_max,0.0,0.9991077403524425
lab_6399_max,0.0,0.9994051602349617
lab_6587_max,0.0,0.9994051602349617
lab_6919_min,0.0,0.9991077403524425
lab_6947_max,0.0,0.9991820953230723
lab_6758_max,0.0,0.9994051602349617
lab_6759_max,0.0,0.9994051602349617
lab_6920_max,0.0,0.9991820953230723
lab_6522_max,0.0,0.9993308052643319
lab_6614_max,0.0,0.9994051602349617
lab_6613_max,0.0,0.9994051602349617
lab_6611_max,0.0,0.9994051602349617
lab_6610_max,0.0,0.9994051602349617
lab_6609_max,0.0,0.9994051602349617
lab_6404_max,0.0,0.9994051602349617
lab_6405_max,0.0,0.9994051602349617
lab_7008_min,0.0,0.9987359654992937
lab_5080_min,0.0,0.9994795152055915
lab_6259_max,0.0,0.9994795152055915
lab_5058_min,0.0,0.9994795152055915
lab_5080_max,0.0,0.9994795152055915
lab_6784_max,0.0,0.9994795152055915
lab_6784_min,0.0,0.9994795152055915
lab_6783_max,0.0,0.9994795152055915
lab_6783_min,0.0,0.9994795152055915
lab_6407_max,0.0,0.9994051602349617
lab_6917_max,0.0,0.9994051602349617
lab_6917_min,0.0,0.9994051602349617
lab_6608_min,0.0,0.9994051602349617
lab_6621_max,0.0,0.9994051602349617
lab_6196_min,0.0,0.9994051602349617
lab_6586_max,0.0,0.9994051602349617
lab_6998_max,0.0,0.9999256450293702
